0, nan, nan, -nan
0.1, nan, nan, -nan
0.2, nan, nan, -nan
0.3, nan, nan, -nan
0.4, nan, nan, -nan
0.5, nan, nan, -nan
0.6, nan, nan, -nan
0.7, nan, nan, -nan
0.8, nan, nan, -nan
0.9, nan, nan, -nan
1, nan, nan, -nan
1.1, nan, nan, -nan
1.2, nan, nan, -nan
1.3, nan, nan, -nan
1.4, nan, nan, -nan
1.5, nan, nan, -nan
1.6, -nan, -nan, -nan
1.7, -nan, -nan, -nan
1.8, -nan, -nan, -nan
1.9, -nan, -nan, -nan
2, -nan, -nan, -nan
2.1, -nan, -nan, -nan
2.2, -nan, -nan, -nan
2.3, -nan, -nan, -nan
2.4, -nan, -nan, -nan
2.5, -nan, -nan, -nan
2.6, -nan, -nan, -nan
2.7, -nan, -nan, -nan
2.8, -nan, -nan, -nan
2.9, -nan, -nan, -nan
3, -nan, -nan, -nan
3.1, -nan, -nan, -nan
3.2, -nan, -nan, -nan
3.3, -nan, -nan, -nan
3.4, -nan, -nan, -nan
3.5, -nan, -nan, -nan
3.6, -nan, -nan, -nan
3.7, -nan, -nan, -nan
3.8, -nan, -nan, -nan
3.9, -nan, -nan, -nan
4, -nan, -nan, -nan
4.1, -nan, -nan, -nan
4.2, -nan, -nan, -nan
4.3, -nan, -nan, -nan
4.4, -nan, -nan, -nan
4.5, -nan, -nan, -nan
4.6, -nan, -nan, -nan
4.7, -nan, -nan, -nan
4.8, -nan, -nan, -nan
4.9, -nan, -nan, -nan
5, -nan, -nan, -nan
5.1, -nan, -nan, -nan
5.2, -nan, -nan, -nan
5.3, -nan, -nan, -nan
5.4, -nan, -nan, -nan
5.5, -nan, -nan, -nan
5.6, -nan, -nan, -nan
5.7, -nan, -nan, -nan
5.8, -nan, -nan, -nan
5.9, -nan, -nan, -nan
6, -nan, -nan, -nan
6.1, -nan, -nan, -nan
6.2, -nan, -nan, -nan
6.3, -nan, -nan, -nan
6.4, -nan, -nan, -nan
6.5, -nan, -nan, -nan
6.6, -nan, -nan, -nan
6.7, -nan, -nan, -nan
6.8, -nan, -nan, -nan
6.9, -nan, -nan, -nan
7, -nan, -nan, -nan
7.1, -nan, -nan, -nan
7.2, -nan, -nan, -nan
7.3, -nan, -nan, -nan
7.4, -nan, -nan, -nan
7.5, -nan, -nan, -nan
7.6, -nan, -nan, -nan
7.7, -nan, -nan, -nan
7.79999, -nan, -nan, -nan
7.89999, -nan, -nan, -nan
7.99999, -nan, -nan, -nan
8.09999, -nan, -nan, -nan
8.2, -nan, -nan, -nan
8.3, -nan, -nan, -nan
8.4, -nan, -nan, -nan
8.5, -nan, -nan, -nan
8.6, -nan, -nan, -nan
8.7, -nan, -nan, -nan
8.8, -nan, -nan, -nan
8.9, -nan, -nan, -nan
9, -nan, -nan, -nan
9.1, -nan, -nan, -nan
9.2, -nan, -nan, -nan
9.3, -nan, -nan, -nan
9.4, -nan, -nan, -nan
9.5, -nan, -nan, -nan
9.6, -nan, -nan, -nan
9.7, -nan, -nan, -nan
9.8, -nan, -nan, -nan
9.9, -nan, -nan, -nan
10, -nan, -nan, -nan
10.1, -nan, -nan, -nan
10.2, -nan, -nan, -nan
10.3, -nan, -nan, -nan
10.4, -nan, -nan, -nan
10.5, -nan, -nan, -nan
10.6, -nan, -nan, -nan
10.7, -nan, -nan, -nan
10.8, -nan, -nan, -nan
10.9, -nan, -nan, -nan
11, -nan, -nan, -nan
11.1, -nan, -nan, -nan
11.2, -nan, -nan, -nan
11.3, -nan, -nan, -nan
11.4, -nan, -nan, -nan
11.5, -nan, -nan, -nan
11.6, -nan, -nan, -nan
11.7, -nan, -nan, -nan
11.8, -nan, -nan, -nan
11.9, -nan, -nan, -nan
12, -nan, -nan, -nan
12.1, -nan, -nan, -nan
12.2, -nan, -nan, -nan
12.3, -nan, -nan, -nan
12.4, -nan, -nan, -nan
12.5, -nan, -nan, -nan
12.6, -nan, -nan, -nan
12.7, -nan, -nan, -nan
12.8, -nan, -nan, -nan
12.9, -nan, -nan, -nan
13, -nan, -nan, -nan
13.1, -nan, -nan, -nan
13.2, -nan, -nan, -nan
13.3, -nan, -nan, -nan
13.4, -nan, -nan, -nan
13.5, -nan, -nan, -nan
13.6, -nan, -nan, -nan
13.7, -nan, -nan, -nan
13.8, -nan, -nan, -nan
13.9, -nan, -nan, -nan
14, -nan, -nan, -nan
14.1, -nan, -nan, -nan
14.2, -nan, -nan, -nan
14.3, -nan, -nan, -nan
14.4, -nan, -nan, -nan
14.5, -nan, -nan, -nan
14.6, -nan, -nan, -nan
14.7, -nan, -nan, -nan
14.8, -nan, -nan, -nan
14.9, -nan, -nan, -nan
15, -nan, -nan, -nan
15.1, -nan, -nan, -nan
15.2, -nan, -nan, -nan
15.3, -nan, -nan, -nan
15.4, -nan, -nan, -nan
15.5, -nan, -nan, -nan
15.6, -nan, -nan, -nan
15.7, -nan, -nan, -nan
15.8, -nan, -nan, -nan
15.9, -nan, -nan, -nan
16, -nan, -nan, -nan
16.1, -nan, -nan, -nan
16.2, -nan, -nan, -nan
16.3, -nan, -nan, -nan
16.4, -nan, -nan, -nan
16.5, -nan, -nan, -nan
16.6, -nan, -nan, -nan
16.7, -nan, -nan, -nan
16.8, -nan, -nan, -nan
16.9, -nan, -nan, -nan
17, -nan, -nan, -nan
17.1, -nan, -nan, -nan
17.2, -nan, -nan, -nan
17.3, -nan, -nan, -nan
17.4, -nan, -nan, -nan
17.5, -nan, -nan, -nan
17.6, -nan, -nan, -nan
17.7, -nan, -nan, -nan
17.8, -nan, -nan, -nan
17.9, -nan, -nan, -nan
18, -nan, -nan, -nan
18.1, -nan, -nan, -nan
18.2, -nan, -nan, -nan
18.3, -nan, -nan, -nan
18.4, -nan, -nan, -nan
18.5, -nan, -nan, -nan
18.6, -nan, -nan, -nan
18.7, -nan, -nan, -nan
18.8, -nan, -nan, -nan
18.9, -nan, -nan, -nan
19, -nan, -nan, -nan
19.1, -nan, -nan, -nan
19.2, -nan, -nan, -nan
19.3, -nan, -nan, -nan
19.4, -nan, -nan, -nan
19.5, -nan, -nan, -nan
19.6, -nan, -nan, -nan
19.7, -nan, -nan, -nan
19.8, -nan, -nan, -nan
19.9, -nan, -nan, -nan
20, -nan, -nan, -nan
20.1, -nan, -nan, -nan
20.2, -nan, -nan, -nan
20.3, -nan, -nan, -nan
20.4, -nan, -nan, -nan
20.5, -nan, -nan, -nan
20.6, -nan, -nan, -nan
20.7, -nan, -nan, -nan
20.8, -nan, -nan, -nan
20.9, -nan, -nan, -nan
21, -nan, -nan, -nan
21.1, -nan, -nan, -nan
21.2, -nan, -nan, -nan
21.3, -nan, -nan, -nan
21.4, -nan, -nan, -nan
21.5, -nan, -nan, -nan
21.6, -nan, -nan, -nan
21.7, -nan, -nan, -nan
21.8, -nan, -nan, -nan
21.9, -nan, -nan, -nan
22, -nan, -nan, -nan
22.1, -nan, -nan, -nan
22.2, -nan, -nan, -nan
22.3, -nan, -nan, -nan
22.4, -nan, -nan, -nan
22.5, -nan, -nan, -nan
22.6, -nan, -nan, -nan
22.7001, -nan, -nan, -nan
22.8001, -nan, -nan, -nan
22.9001, -nan, -nan, -nan
23.0001, -nan, -nan, -nan
23.1001, -nan, -nan, -nan
23.2001, -nan, -nan, -nan
23.3001, -nan, -nan, -nan
23.4001, -nan, -nan, -nan
23.5001, -nan, -nan, -nan
23.6001, -nan, -nan, -nan
23.7001, -nan, -nan, -nan
23.8001, -nan, -nan, -nan
23.9001, -nan, -nan, -nan
24.0001, -nan, -nan, -nan
24.1001, -nan, -nan, -nan
24.2001, -nan, -nan, -nan
24.3001, -nan, -nan, -nan
24.4001, -nan, -nan, -nan
24.5001, -nan, -nan, -nan
24.6001, -nan, -nan, -nan
24.7001, -nan, -nan, -nan
24.8001, -nan, -nan, -nan
24.9001, -nan, -nan, -nan
25.0001, -nan, -nan, -nan
25.1001, -nan, -nan, -nan
25.2001, -nan, -nan, -nan
25.3001, -nan, -nan, -nan
25.4001, -nan, -nan, -nan
25.5001, -nan, -nan, -nan
25.6001, -nan, -nan, -nan
25.7001, -nan, -nan, -nan
25.8001, -nan, -nan, -nan
25.9001, -nan, -nan, -nan
26.0001, -nan, -nan, -nan
26.1001, -nan, -nan, -nan
26.2001, -nan, -nan, -nan
26.3001, -nan, -nan, -nan
26.4001, -nan, -nan, -nan
26.5001, -nan, -nan, -nan
26.6001, -nan, -nan, -nan
26.7001, -nan, -nan, -nan
26.8001, -nan, -nan, -nan
26.9001, -nan, -nan, -nan
27.0001, -nan, -nan, -nan
27.1001, -nan, -nan, -nan
27.2001, -nan, -nan, -nan
27.3001, -nan, -nan, -nan
27.4001, -nan, -nan, -nan
27.5001, -nan, -nan, -nan
27.6001, -nan, -nan, -nan
27.7001, -nan, -nan, -nan
27.8001, -nan, -nan, -nan
27.9001, -nan, -nan, -nan
28.0001, -nan, -nan, -nan
28.1001, -nan, -nan, -nan
28.2001, -nan, -nan, -nan
28.3001, -nan, -nan, -nan
28.4001, -nan, -nan, -nan
28.5001, -nan, -nan, -nan
28.6001, -nan, -nan, -nan
28.7001, -nan, -nan, -nan
28.8001, -nan, -nan, -nan
28.9001, -nan, -nan, -nan
29.0001, -nan, -nan, -nan
29.1001, -nan, -nan, -nan
29.2001, -nan, -nan, -nan
29.3001, -nan, -nan, -nan
29.4001, -nan, -nan, -nan
29.5001, -nan, -nan, -nan
29.6001, -nan, -nan, -nan
29.7001, -nan, -nan, -nan
29.8001, -nan, -nan, -nan
29.9001, -nan, -nan, -nan
30.0001, -nan, -nan, -nan
30.1001, -nan, -nan, -nan
30.2001, -nan, -nan, -nan
30.3001, -nan, -nan, -nan
30.4001, -nan, -nan, -nan
30.5001, -nan, -nan, -nan
30.6001, -nan, -nan, -nan
30.7001, -nan, -nan, -nan
30.8001, -nan, -nan, -nan
30.9001, -nan, -nan, -nan
31.0001, -nan, -nan, -nan
31.1001, -nan, -nan, -nan
31.2001, -nan, -nan, -nan
31.3001, -nan, -nan, -nan
31.4001, -nan, -nan, -nan
31.5001, -nan, -nan, -nan
31.6001, -nan, -nan, -nan
31.7001, -nan, -nan, -nan
31.8001, -nan, -nan, -nan
31.9001, -nan, -nan, -nan
32.0001, -nan, -nan, -nan
32.1001, -nan, -nan, -nan
32.2001, -nan, -nan, -nan
32.3001, -nan, -nan, -nan
32.4001, -nan, -nan, -nan
32.5001, -nan, -nan, -nan
32.6001, -nan, -nan, -nan
32.7001, -nan, -nan, -nan
32.8001, -nan, -nan, -nan
32.9001, -nan, -nan, -nan
33.0001, -nan, -nan, -nan
33.1001, -nan, -nan, -nan
33.2001, -nan, -nan, -nan
33.3001, -nan, -nan, -nan
33.4001, -nan, -nan, -nan
33.5001, -nan, -nan, -nan
33.6001, -nan, -nan, -nan
33.7001, -nan, -nan, -nan
33.8001, -nan, -nan, -nan
33.9001, -nan, -nan, -nan
34.0001, -nan, -nan, -nan
34.1001, -nan, -nan, -nan
34.2001, -nan, -nan, -nan
34.3, -nan, -nan, -nan
34.4, -nan, -nan, -nan
34.5, -nan, -nan, -nan
34.6, -nan, -nan, -nan
34.7, -nan, -nan, -nan
34.8, -nan, -nan, -nan
34.9, -nan, -nan, -nan
35, -nan, -nan, -nan
35.1, -nan, -nan, -nan
35.2, -nan, -nan, -nan
35.3, -nan, -nan, -nan
35.4, -nan, -nan, -nan
35.5, -nan, -nan, -nan
35.6, -nan, -nan, -nan
35.7, -nan, -nan, -nan
35.8, -nan, -nan, -nan
35.9, -nan, -nan, -nan
36, -nan, -nan, -nan
36.1, -nan, -nan, -nan
36.2, -nan, -nan, -nan
36.3, -nan, -nan, -nan
36.4, -nan, -nan, -nan
36.5, -nan, -nan, -nan
36.6, -nan, -nan, -nan
36.7, -nan, -nan, -nan
36.8, -nan, -nan, -nan
36.9, -nan, -nan, -nan
37, -nan, -nan, -nan
37.1, -nan, -nan, -nan
37.2, -nan, -nan, -nan
37.3, -nan, -nan, -nan
37.4, -nan, -nan, -nan
37.5, -nan, -nan, -nan
37.6, -nan, -nan, -nan
37.7, -nan, -nan, -nan
37.8, -nan, -nan, -nan
37.9, -nan, -nan, -nan
38, -nan, -nan, -nan
38.1, -nan, -nan, -nan
38.2, -nan, -nan, -nan
38.3, -nan, -nan, -nan
38.4, -nan, -nan, -nan
38.5, -nan, -nan, -nan
38.6, -nan, -nan, -nan
38.7, -nan, -nan, -nan
38.8, -nan, -nan, -nan
38.9, -nan, -nan, -nan
39, -nan, -nan, -nan
39.1, -nan, -nan, -nan
39.2, -nan, -nan, -nan
39.3, -nan, -nan, -nan
39.4, -nan, -nan, -nan
39.5, -nan, -nan, -nan
39.6, -nan, -nan, -nan
39.7, -nan, -nan, -nan
39.8, -nan, -nan, -nan
39.9, -nan, -nan, -nan
40, -nan, -nan, -nan
40.1, -nan, -nan, -nan
40.2, -nan, -nan, -nan
40.3, -nan, -nan, -nan
40.4, -nan, -nan, -nan
40.5, -nan, -nan, -nan
40.6, -nan, -nan, -nan
40.7, -nan, -nan, -nan
40.7999, -nan, -nan, -nan
40.8999, -nan, -nan, -nan
40.9999, -nan, -nan, -nan
41.0999, -nan, -nan, -nan
41.1999, -nan, -nan, -nan
41.2999, -nan, -nan, -nan
41.3999, -nan, -nan, -nan
41.4999, -nan, -nan, -nan
41.5999, -nan, -nan, -nan
41.6999, -nan, -nan, -nan
41.7999, -nan, -nan, -nan
41.8999, -nan, -nan, -nan
41.9999, -nan, -nan, -nan
42.0999, -nan, -nan, -nan
42.1999, -nan, -nan, -nan
42.2999, -nan, -nan, -nan
42.3999, -nan, -nan, -nan
42.4999, -nan, -nan, -nan
42.5999, -nan, -nan, -nan
42.6999, -nan, -nan, -nan
42.7999, -nan, -nan, -nan
42.8999, -nan, -nan, -nan
42.9999, -nan, -nan, -nan
43.0999, -nan, -nan, -nan
43.1999, -nan, -nan, -nan
43.2999, -nan, -nan, -nan
43.3999, -nan, -nan, -nan
43.4999, -nan, -nan, -nan
43.5999, -nan, -nan, -nan
43.6999, -nan, -nan, -nan
43.7999, -nan, -nan, -nan
43.8999, -nan, -nan, -nan
43.9999, -nan, -nan, -nan
44.0999, -nan, -nan, -nan
44.1999, -nan, -nan, -nan
44.2999, -nan, -nan, -nan
44.3999, -nan, -nan, -nan
44.4999, -nan, -nan, -nan
44.5999, -nan, -nan, -nan
44.6999, -nan, -nan, -nan
44.7999, -nan, -nan, -nan
44.8999, -nan, -nan, -nan
44.9999, -nan, -nan, -nan
45.0999, -nan, -nan, -nan
45.1999, -nan, -nan, -nan
45.2999, -nan, -nan, -nan
45.3999, -nan, -nan, -nan
45.4999, -nan, -nan, -nan
45.5999, -nan, -nan, -nan
45.6999, -nan, -nan, -nan
45.7999, -nan, -nan, -nan
45.8999, -nan, -nan, -nan
45.9999, -nan, -nan, -nan
46.0999, -nan, -nan, -nan
46.1999, -nan, -nan, -nan
46.2999, -nan, -nan, -nan
46.3999, -nan, -nan, -nan
46.4999, -nan, -nan, -nan
46.5999, -nan, -nan, -nan
46.6999, -nan, -nan, -nan
46.7999, -nan, -nan, -nan
46.8999, -nan, -nan, -nan
46.9999, -nan, -nan, -nan
47.0999, -nan, -nan, -nan
47.1999, -nan, -nan, -nan
47.2999, -nan, -nan, -nan
47.3998, -nan, -nan, -nan
47.4998, -nan, -nan, -nan
47.5998, -nan, -nan, -nan
47.6998, -nan, -nan, -nan
47.7998, -nan, -nan, -nan
47.8998, -nan, -nan, -nan
47.9998, -nan, -nan, -nan
48.0998, -nan, -nan, -nan
48.1998, -nan, -nan, -nan
48.2998, -nan, -nan, -nan
48.3998, -nan, -nan, -nan
48.4998, -nan, -nan, -nan
48.5998, -nan, -nan, -nan
48.6998, -nan, -nan, -nan
48.7998, -nan, -nan, -nan
48.8998, -nan, -nan, -nan
48.9998, -nan, -nan, -nan
49.0998, -nan, -nan, -nan
49.1998, -nan, -nan, -nan
49.2998, -nan, -nan, -nan
49.3998, -nan, -nan, -nan
49.4998, -nan, -nan, -nan
49.5998, -nan, -nan, -nan
49.6998, -nan, -nan, -nan
49.7998, -nan, -nan, -nan
49.8998, -nan, -nan, -nan
49.9998, -nan, -nan, -nan
50.0998, -nan, -nan, -nan
50.1998, -nan, -nan, -nan
50.2998, -nan, -nan, -nan
50.3998, -nan, -nan, -nan
50.4998, -nan, -nan, -nan
50.5998, -nan, -nan, -nan
50.6998, -nan, -nan, -nan
50.7998, -nan, -nan, -nan
50.8998, -nan, -nan, -nan
50.9998, -nan, -nan, -nan
51.0998, -nan, -nan, -nan
51.1998, -nan, -nan, -nan
51.2998, -nan, -nan, -nan
51.3998, -nan, -nan, -nan
51.4998, -nan, -nan, -nan
51.5998, -nan, -nan, -nan
51.6998, -nan, -nan, -nan
51.7998, -nan, -nan, -nan
51.8998, -nan, -nan, -nan
51.9998, -nan, -nan, -nan
52.0998, -nan, -nan, -nan
52.1998, -nan, -nan, -nan
52.2998, -nan, -nan, -nan
52.3998, -nan, -nan, -nan
52.4998, -nan, -nan, -nan
52.5998, -nan, -nan, -nan
52.6998, -nan, -nan, -nan
52.7998, -nan, -nan, -nan
52.8998, -nan, -nan, -nan
52.9998, -nan, -nan, -nan
53.0998, -nan, -nan, -nan
53.1998, -nan, -nan, -nan
53.2998, -nan, -nan, -nan
53.3998, -nan, -nan, -nan
53.4998, -nan, -nan, -nan
53.5998, -nan, -nan, -nan
53.6998, -nan, -nan, -nan
53.7998, -nan, -nan, -nan
53.8997, -nan, -nan, -nan
53.9997, -nan, -nan, -nan
54.0997, -nan, -nan, -nan
54.1997, -nan, -nan, -nan
54.2997, -nan, -nan, -nan
54.3997, -nan, -nan, -nan
54.4997, -nan, -nan, -nan
54.5997, -nan, -nan, -nan
54.6997, -nan, -nan, -nan
54.7997, -nan, -nan, -nan
54.8997, -nan, -nan, -nan
54.9997, -nan, -nan, -nan
55.0997, -nan, -nan, -nan
55.1997, -nan, -nan, -nan
55.2997, -nan, -nan, -nan
55.3997, -nan, -nan, -nan
55.4997, -nan, -nan, -nan
55.5997, -nan, -nan, -nan
55.6997, -nan, -nan, -nan
55.7997, -nan, -nan, -nan
55.8997, -nan, -nan, -nan
55.9997, -nan, -nan, -nan
56.0997, -nan, -nan, -nan
56.1997, -nan, -nan, -nan
56.2997, -nan, -nan, -nan
56.3997, -nan, -nan, -nan
56.4997, -nan, -nan, -nan
56.5997, -nan, -nan, -nan
56.6997, -nan, -nan, -nan
56.7997, -nan, -nan, -nan
56.8997, -nan, -nan, -nan
56.9997, -nan, -nan, -nan
57.0997, -nan, -nan, -nan
57.1997, -nan, -nan, -nan
57.2997, -nan, -nan, -nan
57.3997, -nan, -nan, -nan
57.4997, -nan, -nan, -nan
57.5997, -nan, -nan, -nan
57.6997, -nan, -nan, -nan
57.7997, -nan, -nan, -nan
57.8997, -nan, -nan, -nan
57.9997, -nan, -nan, -nan
58.0997, -nan, -nan, -nan
58.1997, -nan, -nan, -nan
58.2997, -nan, -nan, -nan
58.3997, -nan, -nan, -nan
58.4997, -nan, -nan, -nan
58.5997, -nan, -nan, -nan
58.6997, -nan, -nan, -nan
58.7997, -nan, -nan, -nan
58.8997, -nan, -nan, -nan
58.9997, -nan, -nan, -nan
59.0997, -nan, -nan, -nan
59.1997, -nan, -nan, -nan
59.2997, -nan, -nan, -nan
59.3997, -nan, -nan, -nan
59.4997, -nan, -nan, -nan
59.5997, -nan, -nan, -nan
59.6997, -nan, -nan, -nan
59.7997, -nan, -nan, -nan
59.8997, -nan, -nan, -nan
59.9997, -nan, -nan, -nan
60.0997, -nan, -nan, -nan
60.1997, -nan, -nan, -nan
60.2997, -nan, -nan, -nan
60.3997, -nan, -nan, -nan
60.4996, -nan, -nan, -nan
60.5996, -nan, -nan, -nan
60.6996, -nan, -nan, -nan
60.7996, -nan, -nan, -nan
60.8996, -nan, -nan, -nan
60.9996, -nan, -nan, -nan
61.0996, -nan, -nan, -nan
61.1996, -nan, -nan, -nan
61.2996, -nan, -nan, -nan
61.3996, -nan, -nan, -nan
61.4996, -nan, -nan, -nan
61.5996, -nan, -nan, -nan
61.6996, -nan, -nan, -nan
61.7996, -nan, -nan, -nan
61.8996, -nan, -nan, -nan
61.9996, -nan, -nan, -nan
62.0996, -nan, -nan, -nan
62.1996, -nan, -nan, -nan
62.2996, -nan, -nan, -nan
62.3996, -nan, -nan, -nan
62.4996, -nan, -nan, -nan
62.5996, -nan, -nan, -nan
62.6996, -nan, -nan, -nan
62.7996, -nan, -nan, -nan
62.8996, -nan, -nan, -nan
62.9996, -nan, -nan, -nan
63.0996, -nan, -nan, -nan
63.1996, -nan, -nan, -nan
63.2996, -nan, -nan, -nan
63.3996, -nan, -nan, -nan
63.4996, -nan, -nan, -nan
63.5996, -nan, -nan, -nan
63.6996, -nan, -nan, -nan
63.7996, -nan, -nan, -nan
63.8996, -nan, -nan, -nan
63.9996, -nan, -nan, -nan
64.0996, -nan, -nan, -nan
64.1996, -nan, -nan, -nan
64.2996, -nan, -nan, -nan
64.3996, -nan, -nan, -nan
64.4996, -nan, -nan, -nan
64.5996, -nan, -nan, -nan
64.6996, -nan, -nan, -nan
64.7996, -nan, -nan, -nan
64.8996, -nan, -nan, -nan
64.9996, -nan, -nan, -nan
65.0996, -nan, -nan, -nan
65.1996, -nan, -nan, -nan
65.2996, -nan, -nan, -nan
65.3996, -nan, -nan, -nan
65.4996, -nan, -nan, -nan
65.5996, -nan, -nan, -nan
65.6996, -nan, -nan, -nan
65.7996, -nan, -nan, -nan
65.8996, -nan, -nan, -nan
65.9996, -nan, -nan, -nan
66.0996, -nan, -nan, -nan
66.1996, -nan, -nan, -nan
66.2996, -nan, -nan, -nan
66.3996, -nan, -nan, -nan
66.4996, -nan, -nan, -nan
66.5996, -nan, -nan, -nan
66.6996, -nan, -nan, -nan
66.7996, -nan, -nan, -nan
66.8996, -nan, -nan, -nan
66.9995, -nan, -nan, -nan
67.0995, -nan, -nan, -nan
67.1995, -nan, -nan, -nan
67.2995, -nan, -nan, -nan
67.3995, -nan, -nan, -nan
67.4995, -nan, -nan, -nan
67.5995, -nan, -nan, -nan
67.6995, -nan, -nan, -nan
67.7995, -nan, -nan, -nan
67.8995, -nan, -nan, -nan
67.9995, -nan, -nan, -nan
68.0995, -nan, -nan, -nan
68.1995, -nan, -nan, -nan
68.2995, -nan, -nan, -nan
68.3995, -nan, -nan, -nan
68.4995, -nan, -nan, -nan
68.5995, -nan, -nan, -nan
68.6995, -nan, -nan, -nan
68.7995, -nan, -nan, -nan
68.8995, -nan, -nan, -nan
68.9995, -nan, -nan, -nan
69.0995, -nan, -nan, -nan
69.1995, -nan, -nan, -nan
69.2995, -nan, -nan, -nan
69.3995, -nan, -nan, -nan
69.4995, -nan, -nan, -nan
69.5995, -nan, -nan, -nan
69.6995, -nan, -nan, -nan
69.7995, -nan, -nan, -nan
69.8995, -nan, -nan, -nan
69.9995, -nan, -nan, -nan
70.0995, -nan, -nan, -nan
70.1995, -nan, -nan, -nan
70.2995, -nan, -nan, -nan
70.3995, -nan, -nan, -nan
70.4995, -nan, -nan, -nan
70.5995, -nan, -nan, -nan
70.6995, -nan, -nan, -nan
70.7995, -nan, -nan, -nan
70.8995, -nan, -nan, -nan
70.9995, -nan, -nan, -nan
71.0995, -nan, -nan, -nan
71.1995, -nan, -nan, -nan
71.2995, -nan, -nan, -nan
71.3995, -nan, -nan, -nan
71.4995, -nan, -nan, -nan
71.5995, -nan, -nan, -nan
71.6995, -nan, -nan, -nan
71.7995, -nan, -nan, -nan
71.8995, -nan, -nan, -nan
71.9995, -nan, -nan, -nan
72.0995, -nan, -nan, -nan
72.1995, -nan, -nan, -nan
72.2995, -nan, -nan, -nan
72.3995, -nan, -nan, -nan
72.4995, -nan, -nan, -nan
72.5995, -nan, -nan, -nan
72.6995, -nan, -nan, -nan
72.7995, -nan, -nan, -nan
72.8995, -nan, -nan, -nan
72.9995, -nan, -nan, -nan
73.0995, -nan, -nan, -nan
73.1995, -nan, -nan, -nan
73.2995, -nan, -nan, -nan
73.3995, -nan, -nan, -nan
73.4995, -nan, -nan, -nan
73.5994, -nan, -nan, -nan
73.6994, -nan, -nan, -nan
73.7994, -nan, -nan, -nan
73.8994, -nan, -nan, -nan
73.9994, -nan, -nan, -nan
74.0994, -nan, -nan, -nan
74.1994, -nan, -nan, -nan
74.2994, -nan, -nan, -nan
74.3994, -nan, -nan, -nan
74.4994, -nan, -nan, -nan
74.5994, -nan, -nan, -nan
74.6994, -nan, -nan, -nan
74.7994, -nan, -nan, -nan
74.8994, -nan, -nan, -nan
74.9994, -nan, -nan, -nan
75.0994, -nan, -nan, -nan
75.1994, -nan, -nan, -nan
75.2994, -nan, -nan, -nan
75.3994, -nan, -nan, -nan
75.4994, -nan, -nan, -nan
75.5994, -nan, -nan, -nan
75.6994, -nan, -nan, -nan
75.7994, -nan, -nan, -nan
75.8994, -nan, -nan, -nan
75.9994, -nan, -nan, -nan
76.0994, -nan, -nan, -nan
76.1994, -nan, -nan, -nan
76.2994, -nan, -nan, -nan
76.3994, -nan, -nan, -nan
76.4994, -nan, -nan, -nan
76.5994, -nan, -nan, -nan
76.6994, -nan, -nan, -nan
76.7994, -nan, -nan, -nan
76.8994, -nan, -nan, -nan
76.9994, -nan, -nan, -nan
77.0994, -nan, -nan, -nan
77.1994, -nan, -nan, -nan
77.2994, -nan, -nan, -nan
77.3994, -nan, -nan, -nan
77.4994, -nan, -nan, -nan
77.5994, -nan, -nan, -nan
77.6994, -nan, -nan, -nan
77.7994, -nan, -nan, -nan
77.8994, -nan, -nan, -nan
77.9994, -nan, -nan, -nan
78.0994, -nan, -nan, -nan
78.1994, -nan, -nan, -nan
78.2994, -nan, -nan, -nan
78.3994, -nan, -nan, -nan
78.4994, -nan, -nan, -nan
78.5994, -nan, -nan, -nan
78.6994, -nan, -nan, -nan
78.7994, -nan, -nan, -nan
78.8994, -nan, -nan, -nan
78.9994, -nan, -nan, -nan
79.0994, -nan, -nan, -nan
79.1994, -nan, -nan, -nan
79.2994, -nan, -nan, -nan
79.3994, -nan, -nan, -nan
79.4994, -nan, -nan, -nan
79.5994, -nan, -nan, -nan
79.6994, -nan, -nan, -nan
79.7994, -nan, -nan, -nan
79.8994, -nan, -nan, -nan
79.9994, -nan, -nan, -nan
80.0993, -nan, -nan, -nan
80.1993, -nan, -nan, -nan
80.2993, -nan, -nan, -nan
80.3993, -nan, -nan, -nan
80.4993, -nan, -nan, -nan
80.5993, -nan, -nan, -nan
80.6993, -nan, -nan, -nan
80.7993, -nan, -nan, -nan
80.8993, -nan, -nan, -nan
80.9993, -nan, -nan, -nan
81.0993, -nan, -nan, -nan
81.1993, -nan, -nan, -nan
81.2993, -nan, -nan, -nan
81.3993, -nan, -nan, -nan
81.4993, -nan, -nan, -nan
81.5993, -nan, -nan, -nan
81.6993, -nan, -nan, -nan
81.7993, -nan, -nan, -nan
81.8993, -nan, -nan, -nan
81.9993, -nan, -nan, -nan
82.0993, -nan, -nan, -nan
82.1993, -nan, -nan, -nan
82.2993, -nan, -nan, -nan
82.3993, -nan, -nan, -nan
82.4993, -nan, -nan, -nan
82.5993, -nan, -nan, -nan
82.6993, -nan, -nan, -nan
82.7993, -nan, -nan, -nan
82.8993, -nan, -nan, -nan
82.9993, -nan, -nan, -nan
83.0993, -nan, -nan, -nan
83.1993, -nan, -nan, -nan
83.2993, -nan, -nan, -nan
83.3993, -nan, -nan, -nan
83.4993, -nan, -nan, -nan
83.5993, -nan, -nan, -nan
83.6993, -nan, -nan, -nan
83.7993, -nan, -nan, -nan
83.8993, -nan, -nan, -nan
83.9993, -nan, -nan, -nan
84.0993, -nan, -nan, -nan
84.1993, -nan, -nan, -nan
84.2993, -nan, -nan, -nan
84.3993, -nan, -nan, -nan
84.4993, -nan, -nan, -nan
84.5993, -nan, -nan, -nan
84.6993, -nan, -nan, -nan
84.7993, -nan, -nan, -nan
84.8993, -nan, -nan, -nan
84.9993, -nan, -nan, -nan
85.0993, -nan, -nan, -nan
85.1993, -nan, -nan, -nan
85.2993, -nan, -nan, -nan
85.3993, -nan, -nan, -nan
85.4993, -nan, -nan, -nan
85.5993, -nan, -nan, -nan
85.6993, -nan, -nan, -nan
85.7993, -nan, -nan, -nan
85.8993, -nan, -nan, -nan
85.9993, -nan, -nan, -nan
86.0993, -nan, -nan, -nan
86.1993, -nan, -nan, -nan
86.2993, -nan, -nan, -nan
86.3993, -nan, -nan, -nan
86.4993, -nan, -nan, -nan
86.5993, -nan, -nan, -nan
86.6992, -nan, -nan, -nan
86.7992, -nan, -nan, -nan
86.8992, -nan, -nan, -nan
86.9992, -nan, -nan, -nan
87.0992, -nan, -nan, -nan
87.1992, -nan, -nan, -nan
87.2992, -nan, -nan, -nan
87.3992, -nan, -nan, -nan
87.4992, -nan, -nan, -nan
87.5992, -nan, -nan, -nan
87.6992, -nan, -nan, -nan
87.7992, -nan, -nan, -nan
87.8992, -nan, -nan, -nan
87.9992, -nan, -nan, -nan
88.0992, -nan, -nan, -nan
88.1992, -nan, -nan, -nan
88.2992, -nan, -nan, -nan
88.3992, -nan, -nan, -nan
88.4992, -nan, -nan, -nan
88.5992, -nan, -nan, -nan
88.6992, -nan, -nan, -nan
88.7992, -nan, -nan, -nan
88.8992, -nan, -nan, -nan
88.9992, -nan, -nan, -nan
89.0992, -nan, -nan, -nan
89.1992, -nan, -nan, -nan
89.2992, -nan, -nan, -nan
89.3992, -nan, -nan, -nan
89.4992, -nan, -nan, -nan
89.5992, -nan, -nan, -nan
89.6992, -nan, -nan, -nan
89.7992, -nan, -nan, -nan
89.8992, -nan, -nan, -nan
89.9992, -nan, -nan, -nan
90.0992, -nan, -nan, -nan
90.1992, -nan, -nan, -nan
90.2992, -nan, -nan, -nan
90.3992, -nan, -nan, -nan
90.4992, -nan, -nan, -nan
90.5992, -nan, -nan, -nan
90.6992, -nan, -nan, -nan
90.7992, -nan, -nan, -nan
90.8992, -nan, -nan, -nan
90.9992, -nan, -nan, -nan
91.0992, -nan, -nan, -nan
91.1992, -nan, -nan, -nan
91.2992, -nan, -nan, -nan
91.3992, -nan, -nan, -nan
91.4992, -nan, -nan, -nan
91.5992, -nan, -nan, -nan
91.6992, -nan, -nan, -nan
91.7992, -nan, -nan, -nan
91.8992, -nan, -nan, -nan
91.9992, -nan, -nan, -nan
92.0992, -nan, -nan, -nan
92.1992, -nan, -nan, -nan
92.2992, -nan, -nan, -nan
92.3992, -nan, -nan, -nan
92.4992, -nan, -nan, -nan
92.5992, -nan, -nan, -nan
92.6992, -nan, -nan, -nan
92.7992, -nan, -nan, -nan
92.8992, -nan, -nan, -nan
92.9992, -nan, -nan, -nan
93.0992, -nan, -nan, -nan
93.1992, -nan, -nan, -nan
93.2991, -nan, -nan, -nan
93.3991, -nan, -nan, -nan
93.4991, -nan, -nan, -nan
93.5991, -nan, -nan, -nan
93.6991, -nan, -nan, -nan
93.7991, -nan, -nan, -nan
93.8991, -nan, -nan, -nan
93.9991, -nan, -nan, -nan
94.0991, -nan, -nan, -nan
94.1991, -nan, -nan, -nan
94.2991, -nan, -nan, -nan
94.3991, -nan, -nan, -nan
94.4991, -nan, -nan, -nan
94.5991, -nan, -nan, -nan
94.6991, -nan, -nan, -nan
94.7991, -nan, -nan, -nan
94.8991, -nan, -nan, -nan
94.9991, -nan, -nan, -nan
95.0991, -nan, -nan, -nan
95.1991, -nan, -nan, -nan
95.2991, -nan, -nan, -nan
95.3991, -nan, -nan, -nan
95.4991, -nan, -nan, -nan
95.5991, -nan, -nan, -nan
95.6991, -nan, -nan, -nan
95.7991, -nan, -nan, -nan
95.8991, -nan, -nan, -nan
95.9991, -nan, -nan, -nan
96.0991, -nan, -nan, -nan
96.1991, -nan, -nan, -nan
96.2991, -nan, -nan, -nan
96.3991, -nan, -nan, -nan
96.4991, -nan, -nan, -nan
96.5991, -nan, -nan, -nan
96.6991, -nan, -nan, -nan
96.7991, -nan, -nan, -nan
96.8991, -nan, -nan, -nan
96.9991, -nan, -nan, -nan
97.0991, -nan, -nan, -nan
97.1991, -nan, -nan, -nan
97.2991, -nan, -nan, -nan
97.3991, -nan, -nan, -nan
97.4991, -nan, -nan, -nan
97.5991, -nan, -nan, -nan
97.6991, -nan, -nan, -nan
97.7991, -nan, -nan, -nan
97.8991, -nan, -nan, -nan
97.9991, -nan, -nan, -nan
98.0991, -nan, -nan, -nan
98.1991, -nan, -nan, -nan
98.2991, -nan, -nan, -nan
98.3991, -nan, -nan, -nan
98.4991, -nan, -nan, -nan
98.5991, -nan, -nan, -nan
98.6991, -nan, -nan, -nan
98.7991, -nan, -nan, -nan
98.8991, -nan, -nan, -nan
98.9991, -nan, -nan, -nan
99.0991, -nan, -nan, -nan
99.1991, -nan, -nan, -nan
99.2991, -nan, -nan, -nan
99.3991, -nan, -nan, -nan
99.4991, -nan, -nan, -nan
99.5991, -nan, -nan, -nan
99.6991, -nan, -nan, -nan
99.799, -nan, -nan, -nan
99.899, -nan, -nan, -nan
99.999, -nan, -nan, -nan
100.099, -nan, -nan, -nan
100.199, -nan, -nan, -nan
100.299, -nan, -nan, -nan
100.399, -nan, -nan, -nan
100.499, -nan, -nan, -nan
100.599, -nan, -nan, -nan
100.699, -nan, -nan, -nan
100.799, -nan, -nan, -nan
100.899, -nan, -nan, -nan
100.999, -nan, -nan, -nan
101.099, -nan, -nan, -nan
101.199, -nan, -nan, -nan
101.299, -nan, -nan, -nan
101.399, -nan, -nan, -nan
101.499, -nan, -nan, -nan
101.599, -nan, -nan, -nan
101.699, -nan, -nan, -nan
101.799, -nan, -nan, -nan
101.899, -nan, -nan, -nan
101.999, -nan, -nan, -nan
102.099, -nan, -nan, -nan
102.199, -nan, -nan, -nan
102.299, -nan, -nan, -nan
102.399, -nan, -nan, -nan
102.499, -nan, -nan, -nan
102.599, -nan, -nan, -nan
102.699, -nan, -nan, -nan
102.799, -nan, -nan, -nan
102.899, -nan, -nan, -nan
102.999, -nan, -nan, -nan
103.099, -nan, -nan, -nan
103.199, -nan, -nan, -nan
103.299, -nan, -nan, -nan
103.399, -nan, -nan, -nan
103.499, -nan, -nan, -nan
103.599, -nan, -nan, -nan
103.699, -nan, -nan, -nan
103.799, -nan, -nan, -nan
103.899, -nan, -nan, -nan
103.999, -nan, -nan, -nan
104.099, -nan, -nan, -nan
104.199, -nan, -nan, -nan
104.299, -nan, -nan, -nan
104.399, -nan, -nan, -nan
104.499, -nan, -nan, -nan
104.599, -nan, -nan, -nan
104.699, -nan, -nan, -nan
104.799, -nan, -nan, -nan
104.899, -nan, -nan, -nan
104.999, -nan, -nan, -nan
105.099, -nan, -nan, -nan
105.199, -nan, -nan, -nan
105.299, -nan, -nan, -nan
105.399, -nan, -nan, -nan
105.499, -nan, -nan, -nan
105.599, -nan, -nan, -nan
105.699, -nan, -nan, -nan
105.799, -nan, -nan, -nan
105.899, -nan, -nan, -nan
105.999, -nan, -nan, -nan
106.099, -nan, -nan, -nan
106.199, -nan, -nan, -nan
106.299, -nan, -nan, -nan
106.399, -nan, -nan, -nan
106.499, -nan, -nan, -nan
106.599, -nan, -nan, -nan
106.699, -nan, -nan, -nan
106.799, -nan, -nan, -nan
106.899, -nan, -nan, -nan
106.999, -nan, -nan, -nan
107.099, -nan, -nan, -nan
107.199, -nan, -nan, -nan
107.299, -nan, -nan, -nan
107.399, -nan, -nan, -nan
107.499, -nan, -nan, -nan
107.599, -nan, -nan, -nan
107.699, -nan, -nan, -nan
107.799, -nan, -nan, -nan
107.899, -nan, -nan, -nan
107.999, -nan, -nan, -nan
108.099, -nan, -nan, -nan
108.199, -nan, -nan, -nan
108.299, -nan, -nan, -nan
108.399, -nan, -nan, -nan
108.499, -nan, -nan, -nan
108.599, -nan, -nan, -nan
108.699, -nan, -nan, -nan
108.799, -nan, -nan, -nan
108.899, -nan, -nan, -nan
108.999, -nan, -nan, -nan
109.099, -nan, -nan, -nan
109.199, -nan, -nan, -nan
109.299, -nan, -nan, -nan
109.399, -nan, -nan, -nan
109.499, -nan, -nan, -nan
109.599, -nan, -nan, -nan
109.699, -nan, -nan, -nan
109.799, -nan, -nan, -nan
109.899, -nan, -nan, -nan
109.999, -nan, -nan, -nan
110.099, -nan, -nan, -nan
110.199, -nan, -nan, -nan
110.299, -nan, -nan, -nan
110.399, -nan, -nan, -nan
110.499, -nan, -nan, -nan
110.599, -nan, -nan, -nan
110.699, -nan, -nan, -nan
110.799, -nan, -nan, -nan
110.899, -nan, -nan, -nan
110.999, -nan, -nan, -nan
111.099, -nan, -nan, -nan
111.199, -nan, -nan, -nan
111.299, -nan, -nan, -nan
111.399, -nan, -nan, -nan
111.499, -nan, -nan, -nan
111.599, -nan, -nan, -nan
111.699, -nan, -nan, -nan
111.799, -nan, -nan, -nan
111.899, -nan, -nan, -nan
111.999, -nan, -nan, -nan
112.099, -nan, -nan, -nan
112.199, -nan, -nan, -nan
112.299, -nan, -nan, -nan
112.399, -nan, -nan, -nan
112.499, -nan, -nan, -nan
112.599, -nan, -nan, -nan
112.699, -nan, -nan, -nan
112.799, -nan, -nan, -nan
112.899, -nan, -nan, -nan
112.999, -nan, -nan, -nan
113.099, -nan, -nan, -nan
113.199, -nan, -nan, -nan
113.299, -nan, -nan, -nan
113.399, -nan, -nan, -nan
113.499, -nan, -nan, -nan
113.599, -nan, -nan, -nan
113.699, -nan, -nan, -nan
113.799, -nan, -nan, -nan
113.899, -nan, -nan, -nan
113.999, -nan, -nan, -nan
114.099, -nan, -nan, -nan
114.199, -nan, -nan, -nan
114.299, -nan, -nan, -nan
114.399, -nan, -nan, -nan
114.499, -nan, -nan, -nan
114.599, -nan, -nan, -nan
114.699, -nan, -nan, -nan
114.799, -nan, -nan, -nan
114.899, -nan, -nan, -nan
114.999, -nan, -nan, -nan
115.099, -nan, -nan, -nan
115.199, -nan, -nan, -nan
115.299, -nan, -nan, -nan
115.399, -nan, -nan, -nan
115.499, -nan, -nan, -nan
115.599, -nan, -nan, -nan
115.699, -nan, -nan, -nan
115.799, -nan, -nan, -nan
115.899, -nan, -nan, -nan
115.999, -nan, -nan, -nan
116.099, -nan, -nan, -nan
116.199, -nan, -nan, -nan
116.299, -nan, -nan, -nan
116.399, -nan, -nan, -nan
116.499, -nan, -nan, -nan
116.599, -nan, -nan, -nan
116.699, -nan, -nan, -nan
116.799, -nan, -nan, -nan
116.899, -nan, -nan, -nan
116.999, -nan, -nan, -nan
117.099, -nan, -nan, -nan
117.199, -nan, -nan, -nan
117.299, -nan, -nan, -nan
117.399, -nan, -nan, -nan
117.499, -nan, -nan, -nan
117.599, -nan, -nan, -nan
117.699, -nan, -nan, -nan
117.799, -nan, -nan, -nan
117.899, -nan, -nan, -nan
117.999, -nan, -nan, -nan
118.099, -nan, -nan, -nan
118.199, -nan, -nan, -nan
118.299, -nan, -nan, -nan
118.399, -nan, -nan, -nan
118.499, -nan, -nan, -nan
118.599, -nan, -nan, -nan
118.699, -nan, -nan, -nan
118.799, -nan, -nan, -nan
118.899, -nan, -nan, -nan
118.999, -nan, -nan, -nan
119.099, -nan, -nan, -nan
119.199, -nan, -nan, -nan
119.299, -nan, -nan, -nan
119.399, -nan, -nan, -nan
119.499, -nan, -nan, -nan
119.599, -nan, -nan, -nan
119.699, -nan, -nan, -nan
119.799, -nan, -nan, -nan
119.899, -nan, -nan, -nan
119.999, -nan, -nan, -nan
120.099, -nan, -nan, -nan
120.199, -nan, -nan, -nan
120.299, -nan, -nan, -nan
120.399, -nan, -nan, -nan
120.499, -nan, -nan, -nan
120.599, -nan, -nan, -nan
120.699, -nan, -nan, -nan
120.799, -nan, -nan, -nan
120.899, -nan, -nan, -nan
120.999, -nan, -nan, -nan
121.099, -nan, -nan, -nan
121.199, -nan, -nan, -nan
121.299, -nan, -nan, -nan
121.399, -nan, -nan, -nan
121.499, -nan, -nan, -nan
121.599, -nan, -nan, -nan
121.699, -nan, -nan, -nan
121.799, -nan, -nan, -nan
121.899, -nan, -nan, -nan
121.999, -nan, -nan, -nan
122.099, -nan, -nan, -nan
122.199, -nan, -nan, -nan
122.299, -nan, -nan, -nan
122.399, -nan, -nan, -nan
122.499, -nan, -nan, -nan
122.599, -nan, -nan, -nan
122.699, -nan, -nan, -nan
122.799, -nan, -nan, -nan
122.899, -nan, -nan, -nan
122.999, -nan, -nan, -nan
123.099, -nan, -nan, -nan
123.199, -nan, -nan, -nan
123.299, -nan, -nan, -nan
123.399, -nan, -nan, -nan
123.499, -nan, -nan, -nan
123.599, -nan, -nan, -nan
123.699, -nan, -nan, -nan
123.799, -nan, -nan, -nan
123.899, -nan, -nan, -nan
123.999, -nan, -nan, -nan
124.099, -nan, -nan, -nan
124.199, -nan, -nan, -nan
124.299, -nan, -nan, -nan
124.399, -nan, -nan, -nan
124.499, -nan, -nan, -nan
124.599, -nan, -nan, -nan
124.699, -nan, -nan, -nan
124.799, -nan, -nan, -nan
124.899, -nan, -nan, -nan
124.999, -nan, -nan, -nan
125.099, -nan, -nan, -nan
125.199, -nan, -nan, -nan
125.299, -nan, -nan, -nan
125.399, -nan, -nan, -nan
125.499, -nan, -nan, -nan
125.599, -nan, -nan, -nan
125.699, -nan, -nan, -nan
125.799, -nan, -nan, -nan
125.899, -nan, -nan, -nan
125.999, -nan, -nan, -nan
126.099, -nan, -nan, -nan
126.199, -nan, -nan, -nan
126.299, -nan, -nan, -nan
126.399, -nan, -nan, -nan
126.499, -nan, -nan, -nan
126.599, -nan, -nan, -nan
126.699, -nan, -nan, -nan
126.799, -nan, -nan, -nan
126.899, -nan, -nan, -nan
126.999, -nan, -nan, -nan
127.099, -nan, -nan, -nan
127.199, -nan, -nan, -nan
127.299, -nan, -nan, -nan
127.399, -nan, -nan, -nan
127.499, -nan, -nan, -nan
127.599, -nan, -nan, -nan
127.699, -nan, -nan, -nan
127.799, -nan, -nan, -nan
127.899, -nan, -nan, -nan
127.999, -nan, -nan, -nan
128.099, -nan, -nan, -nan
128.199, -nan, -nan, -nan
128.299, -nan, -nan, -nan
128.399, -nan, -nan, -nan
128.499, -nan, -nan, -nan
128.599, -nan, -nan, -nan
128.699, -nan, -nan, -nan
128.799, -nan, -nan, -nan
128.899, -nan, -nan, -nan
128.999, -nan, -nan, -nan
129.099, -nan, -nan, -nan
129.199, -nan, -nan, -nan
129.299, -nan, -nan, -nan
129.399, -nan, -nan, -nan
129.499, -nan, -nan, -nan
129.599, -nan, -nan, -nan
129.699, -nan, -nan, -nan
129.799, -nan, -nan, -nan
129.899, -nan, -nan, -nan
129.999, -nan, -nan, -nan
130.099, -nan, -nan, -nan
130.199, -nan, -nan, -nan
130.299, -nan, -nan, -nan
130.399, -nan, -nan, -nan
130.499, -nan, -nan, -nan
130.599, -nan, -nan, -nan
130.699, -nan, -nan, -nan
130.799, -nan, -nan, -nan
130.899, -nan, -nan, -nan
130.999, -nan, -nan, -nan
131.099, -nan, -nan, -nan
131.199, -nan, -nan, -nan
131.299, -nan, -nan, -nan
131.399, -nan, -nan, -nan
131.499, -nan, -nan, -nan
131.599, -nan, -nan, -nan
131.699, -nan, -nan, -nan
131.799, -nan, -nan, -nan
131.899, -nan, -nan, -nan
131.999, -nan, -nan, -nan
132.099, -nan, -nan, -nan
132.199, -nan, -nan, -nan
132.299, -nan, -nan, -nan
132.399, -nan, -nan, -nan
132.499, -nan, -nan, -nan
132.599, -nan, -nan, -nan
132.699, -nan, -nan, -nan
132.799, -nan, -nan, -nan
132.899, -nan, -nan, -nan
132.999, -nan, -nan, -nan
133.099, -nan, -nan, -nan
133.199, -nan, -nan, -nan
133.299, -nan, -nan, -nan
133.399, -nan, -nan, -nan
133.499, -nan, -nan, -nan
133.599, -nan, -nan, -nan
133.699, -nan, -nan, -nan
133.799, -nan, -nan, -nan
133.899, -nan, -nan, -nan
133.999, -nan, -nan, -nan
134.099, -nan, -nan, -nan
134.199, -nan, -nan, -nan
134.299, -nan, -nan, -nan
134.399, -nan, -nan, -nan
134.499, -nan, -nan, -nan
134.599, -nan, -nan, -nan
134.699, -nan, -nan, -nan
134.799, -nan, -nan, -nan
134.899, -nan, -nan, -nan
134.999, -nan, -nan, -nan
135.099, -nan, -nan, -nan
135.199, -nan, -nan, -nan
135.299, -nan, -nan, -nan
135.399, -nan, -nan, -nan
135.499, -nan, -nan, -nan
135.599, -nan, -nan, -nan
135.699, -nan, -nan, -nan
135.799, -nan, -nan, -nan
135.899, -nan, -nan, -nan
135.999, -nan, -nan, -nan
136.099, -nan, -nan, -nan
136.199, -nan, -nan, -nan
136.299, -nan, -nan, -nan
136.399, -nan, -nan, -nan
136.499, -nan, -nan, -nan
136.599, -nan, -nan, -nan
136.699, -nan, -nan, -nan
136.799, -nan, -nan, -nan
136.899, -nan, -nan, -nan
136.999, -nan, -nan, -nan
137.099, -nan, -nan, -nan
137.199, -nan, -nan, -nan
137.299, -nan, -nan, -nan
137.399, -nan, -nan, -nan
137.499, -nan, -nan, -nan
137.599, -nan, -nan, -nan
137.699, -nan, -nan, -nan
137.799, -nan, -nan, -nan
137.899, -nan, -nan, -nan
137.999, -nan, -nan, -nan
138.099, -nan, -nan, -nan
138.199, -nan, -nan, -nan
138.299, -nan, -nan, -nan
138.399, -nan, -nan, -nan
138.499, -nan, -nan, -nan
138.599, -nan, -nan, -nan
138.699, -nan, -nan, -nan
138.799, -nan, -nan, -nan
138.899, -nan, -nan, -nan
138.999, -nan, -nan, -nan
139.099, -nan, -nan, -nan
139.199, -nan, -nan, -nan
139.299, -nan, -nan, -nan
139.399, -nan, -nan, -nan
139.499, -nan, -nan, -nan
139.599, -nan, -nan, -nan
139.699, -nan, -nan, -nan
139.799, -nan, -nan, -nan
139.899, -nan, -nan, -nan
139.999, -nan, -nan, -nan
140.099, -nan, -nan, -nan
140.199, -nan, -nan, -nan
140.299, -nan, -nan, -nan
140.399, -nan, -nan, -nan
140.499, -nan, -nan, -nan
140.599, -nan, -nan, -nan
140.699, -nan, -nan, -nan
140.799, -nan, -nan, -nan
140.899, -nan, -nan, -nan
140.999, -nan, -nan, -nan
141.099, -nan, -nan, -nan
141.199, -nan, -nan, -nan
141.299, -nan, -nan, -nan
141.399, -nan, -nan, -nan
141.499, -nan, -nan, -nan
141.599, -nan, -nan, -nan
141.699, -nan, -nan, -nan
141.799, -nan, -nan, -nan
141.899, -nan, -nan, -nan
141.999, -nan, -nan, -nan
142.099, -nan, -nan, -nan
142.199, -nan, -nan, -nan
142.299, -nan, -nan, -nan
142.399, -nan, -nan, -nan
142.499, -nan, -nan, -nan
142.6, -nan, -nan, -nan
142.7, -nan, -nan, -nan
142.8, -nan, -nan, -nan
142.9, -nan, -nan, -nan
143, -nan, -nan, -nan
143.1, -nan, -nan, -nan
143.2, -nan, -nan, -nan
143.3, -nan, -nan, -nan
143.4, -nan, -nan, -nan
143.5, -nan, -nan, -nan
143.6, -nan, -nan, -nan
143.7, -nan, -nan, -nan
143.8, -nan, -nan, -nan
143.9, -nan, -nan, -nan
144, -nan, -nan, -nan
144.1, -nan, -nan, -nan
144.2, -nan, -nan, -nan
144.3, -nan, -nan, -nan
144.4, -nan, -nan, -nan
144.5, -nan, -nan, -nan
144.6, -nan, -nan, -nan
144.7, -nan, -nan, -nan
144.8, -nan, -nan, -nan
144.9, -nan, -nan, -nan
145, -nan, -nan, -nan
145.1, -nan, -nan, -nan
145.2, -nan, -nan, -nan
145.3, -nan, -nan, -nan
145.4, -nan, -nan, -nan
145.5, -nan, -nan, -nan
145.6, -nan, -nan, -nan
145.7, -nan, -nan, -nan
145.8, -nan, -nan, -nan
145.9, -nan, -nan, -nan
146, -nan, -nan, -nan
146.1, -nan, -nan, -nan
146.2, -nan, -nan, -nan
146.3, -nan, -nan, -nan
146.4, -nan, -nan, -nan
146.5, -nan, -nan, -nan
146.6, -nan, -nan, -nan
146.7, -nan, -nan, -nan
146.8, -nan, -nan, -nan
146.9, -nan, -nan, -nan
147, -nan, -nan, -nan
147.1, -nan, -nan, -nan
147.2, -nan, -nan, -nan
147.3, -nan, -nan, -nan
147.4, -nan, -nan, -nan
147.5, -nan, -nan, -nan
147.6, -nan, -nan, -nan
147.7, -nan, -nan, -nan
147.8, -nan, -nan, -nan
147.9, -nan, -nan, -nan
148, -nan, -nan, -nan
148.1, -nan, -nan, -nan
148.2, -nan, -nan, -nan
148.3, -nan, -nan, -nan
148.4, -nan, -nan, -nan
148.5, -nan, -nan, -nan
148.6, -nan, -nan, -nan
148.7, -nan, -nan, -nan
148.8, -nan, -nan, -nan
148.9, -nan, -nan, -nan
149, -nan, -nan, -nan
149.1, -nan, -nan, -nan
149.2, -nan, -nan, -nan
149.3, -nan, -nan, -nan
149.4, -nan, -nan, -nan
149.5, -nan, -nan, -nan
149.6, -nan, -nan, -nan
149.7, -nan, -nan, -nan
149.8, -nan, -nan, -nan
149.9, -nan, -nan, -nan
150, -nan, -nan, -nan
150.1, -nan, -nan, -nan
150.2, -nan, -nan, -nan
150.3, -nan, -nan, -nan
150.4, -nan, -nan, -nan
150.5, -nan, -nan, -nan
150.6, -nan, -nan, -nan
150.7, -nan, -nan, -nan
150.8, -nan, -nan, -nan
150.9, -nan, -nan, -nan
151, -nan, -nan, -nan
151.1, -nan, -nan, -nan
151.2, -nan, -nan, -nan
151.3, -nan, -nan, -nan
151.4, -nan, -nan, -nan
151.5, -nan, -nan, -nan
151.6, -nan, -nan, -nan
151.7, -nan, -nan, -nan
151.8, -nan, -nan, -nan
151.9, -nan, -nan, -nan
152, -nan, -nan, -nan
152.1, -nan, -nan, -nan
152.2, -nan, -nan, -nan
152.3, -nan, -nan, -nan
152.4, -nan, -nan, -nan
152.5, -nan, -nan, -nan
152.6, -nan, -nan, -nan
152.7, -nan, -nan, -nan
152.8, -nan, -nan, -nan
152.9, -nan, -nan, -nan
153, -nan, -nan, -nan
153.1, -nan, -nan, -nan
153.2, -nan, -nan, -nan
153.3, -nan, -nan, -nan
153.4, -nan, -nan, -nan
153.5, -nan, -nan, -nan
153.6, -nan, -nan, -nan
153.7, -nan, -nan, -nan
153.8, -nan, -nan, -nan
153.9, -nan, -nan, -nan
154, -nan, -nan, -nan
154.1, -nan, -nan, -nan
154.2, -nan, -nan, -nan
154.3, -nan, -nan, -nan
154.4, -nan, -nan, -nan
154.5, -nan, -nan, -nan
154.6, -nan, -nan, -nan
154.7, -nan, -nan, -nan
154.8, -nan, -nan, -nan
154.9, -nan, -nan, -nan
155, -nan, -nan, -nan
155.1, -nan, -nan, -nan
155.2, -nan, -nan, -nan
155.3, -nan, -nan, -nan
155.4, -nan, -nan, -nan
155.5, -nan, -nan, -nan
155.6, -nan, -nan, -nan
155.7, -nan, -nan, -nan
155.8, -nan, -nan, -nan
155.9, -nan, -nan, -nan
156, -nan, -nan, -nan
156.1, -nan, -nan, -nan
156.2, -nan, -nan, -nan
156.3, -nan, -nan, -nan
156.4, -nan, -nan, -nan
156.5, -nan, -nan, -nan
156.6, -nan, -nan, -nan
156.7, -nan, -nan, -nan
156.8, -nan, -nan, -nan
156.9, -nan, -nan, -nan
157, -nan, -nan, -nan
157.1, -nan, -nan, -nan
157.2, -nan, -nan, -nan
157.3, -nan, -nan, -nan
157.4, -nan, -nan, -nan
157.5, -nan, -nan, -nan
157.6, -nan, -nan, -nan
157.7, -nan, -nan, -nan
157.8, -nan, -nan, -nan
157.9, -nan, -nan, -nan
158, -nan, -nan, -nan
158.1, -nan, -nan, -nan
158.2, -nan, -nan, -nan
158.3, -nan, -nan, -nan
158.4, -nan, -nan, -nan
158.5, -nan, -nan, -nan
158.6, -nan, -nan, -nan
158.7, -nan, -nan, -nan
158.8, -nan, -nan, -nan
158.9, -nan, -nan, -nan
159.001, -nan, -nan, -nan
159.101, -nan, -nan, -nan
159.201, -nan, -nan, -nan
159.301, -nan, -nan, -nan
159.401, -nan, -nan, -nan
159.501, -nan, -nan, -nan
159.601, -nan, -nan, -nan
159.701, -nan, -nan, -nan
159.801, -nan, -nan, -nan
159.901, -nan, -nan, -nan
160.001, -nan, -nan, -nan
160.101, -nan, -nan, -nan
160.201, -nan, -nan, -nan
160.301, -nan, -nan, -nan
160.401, -nan, -nan, -nan
160.501, -nan, -nan, -nan
160.601, -nan, -nan, -nan
160.701, -nan, -nan, -nan
160.801, -nan, -nan, -nan
160.901, -nan, -nan, -nan
161.001, -nan, -nan, -nan
161.101, -nan, -nan, -nan
161.201, -nan, -nan, -nan
161.301, -nan, -nan, -nan
161.401, -nan, -nan, -nan
161.501, -nan, -nan, -nan
161.601, -nan, -nan, -nan
161.701, -nan, -nan, -nan
161.801, -nan, -nan, -nan
161.901, -nan, -nan, -nan
162.001, -nan, -nan, -nan
162.101, -nan, -nan, -nan
162.201, -nan, -nan, -nan
162.301, -nan, -nan, -nan
162.401, -nan, -nan, -nan
162.501, -nan, -nan, -nan
162.601, -nan, -nan, -nan
162.701, -nan, -nan, -nan
162.801, -nan, -nan, -nan
162.901, -nan, -nan, -nan
163.001, -nan, -nan, -nan
163.101, -nan, -nan, -nan
163.201, -nan, -nan, -nan
163.301, -nan, -nan, -nan
163.401, -nan, -nan, -nan
163.501, -nan, -nan, -nan
163.601, -nan, -nan, -nan
163.701, -nan, -nan, -nan
163.801, -nan, -nan, -nan
163.901, -nan, -nan, -nan
164.001, -nan, -nan, -nan
164.101, -nan, -nan, -nan
164.201, -nan, -nan, -nan
164.301, -nan, -nan, -nan
164.401, -nan, -nan, -nan
164.501, -nan, -nan, -nan
164.601, -nan, -nan, -nan
164.701, -nan, -nan, -nan
164.801, -nan, -nan, -nan
164.901, -nan, -nan, -nan
165.001, -nan, -nan, -nan
165.101, -nan, -nan, -nan
165.201, -nan, -nan, -nan
165.301, -nan, -nan, -nan
165.401, -nan, -nan, -nan
165.501, -nan, -nan, -nan
165.601, -nan, -nan, -nan
165.701, -nan, -nan, -nan
165.801, -nan, -nan, -nan
165.901, -nan, -nan, -nan
166.001, -nan, -nan, -nan
166.101, -nan, -nan, -nan
166.201, -nan, -nan, -nan
166.301, -nan, -nan, -nan
166.401, -nan, -nan, -nan
166.501, -nan, -nan, -nan
166.601, -nan, -nan, -nan
166.701, -nan, -nan, -nan
166.801, -nan, -nan, -nan
166.901, -nan, -nan, -nan
167.001, -nan, -nan, -nan
167.101, -nan, -nan, -nan
167.201, -nan, -nan, -nan
167.301, -nan, -nan, -nan
167.401, -nan, -nan, -nan
167.501, -nan, -nan, -nan
167.601, -nan, -nan, -nan
167.701, -nan, -nan, -nan
167.801, -nan, -nan, -nan
167.901, -nan, -nan, -nan
168.001, -nan, -nan, -nan
168.101, -nan, -nan, -nan
168.201, -nan, -nan, -nan
168.301, -nan, -nan, -nan
168.401, -nan, -nan, -nan
168.501, -nan, -nan, -nan
168.601, -nan, -nan, -nan
168.701, -nan, -nan, -nan
168.801, -nan, -nan, -nan
168.901, -nan, -nan, -nan
169.001, -nan, -nan, -nan
169.101, -nan, -nan, -nan
169.201, -nan, -nan, -nan
169.301, -nan, -nan, -nan
169.401, -nan, -nan, -nan
169.501, -nan, -nan, -nan
169.601, -nan, -nan, -nan
169.701, -nan, -nan, -nan
169.801, -nan, -nan, -nan
169.901, -nan, -nan, -nan
170.001, -nan, -nan, -nan
170.101, -nan, -nan, -nan
170.201, -nan, -nan, -nan
170.301, -nan, -nan, -nan
170.401, -nan, -nan, -nan
170.501, -nan, -nan, -nan
170.601, -nan, -nan, -nan
170.701, -nan, -nan, -nan
170.801, -nan, -nan, -nan
170.901, -nan, -nan, -nan
171.001, -nan, -nan, -nan
171.101, -nan, -nan, -nan
171.201, -nan, -nan, -nan
171.301, -nan, -nan, -nan
171.401, -nan, -nan, -nan
171.501, -nan, -nan, -nan
171.601, -nan, -nan, -nan
171.701, -nan, -nan, -nan
171.801, -nan, -nan, -nan
171.901, -nan, -nan, -nan
172.001, -nan, -nan, -nan
172.101, -nan, -nan, -nan
172.201, -nan, -nan, -nan
172.301, -nan, -nan, -nan
172.401, -nan, -nan, -nan
172.501, -nan, -nan, -nan
172.601, -nan, -nan, -nan
172.701, -nan, -nan, -nan
172.801, -nan, -nan, -nan
172.901, -nan, -nan, -nan
173.001, -nan, -nan, -nan
173.101, -nan, -nan, -nan
173.201, -nan, -nan, -nan
173.301, -nan, -nan, -nan
173.401, -nan, -nan, -nan
173.501, -nan, -nan, -nan
173.601, -nan, -nan, -nan
173.701, -nan, -nan, -nan
173.801, -nan, -nan, -nan
173.901, -nan, -nan, -nan
174.001, -nan, -nan, -nan
174.101, -nan, -nan, -nan
174.201, -nan, -nan, -nan
174.301, -nan, -nan, -nan
174.401, -nan, -nan, -nan
174.501, -nan, -nan, -nan
174.601, -nan, -nan, -nan
174.701, -nan, -nan, -nan
174.801, -nan, -nan, -nan
174.901, -nan, -nan, -nan
175.001, -nan, -nan, -nan
175.101, -nan, -nan, -nan
175.201, -nan, -nan, -nan
175.301, -nan, -nan, -nan
175.402, -nan, -nan, -nan
175.502, -nan, -nan, -nan
175.602, -nan, -nan, -nan
175.702, -nan, -nan, -nan
175.802, -nan, -nan, -nan
175.902, -nan, -nan, -nan
176.002, -nan, -nan, -nan
176.102, -nan, -nan, -nan
176.202, -nan, -nan, -nan
176.302, -nan, -nan, -nan
176.402, -nan, -nan, -nan
176.502, -nan, -nan, -nan
176.602, -nan, -nan, -nan
176.702, -nan, -nan, -nan
176.802, -nan, -nan, -nan
176.902, -nan, -nan, -nan
177.002, -nan, -nan, -nan
177.102, -nan, -nan, -nan
177.202, -nan, -nan, -nan
177.302, -nan, -nan, -nan
177.402, -nan, -nan, -nan
177.502, -nan, -nan, -nan
177.602, -nan, -nan, -nan
177.702, -nan, -nan, -nan
177.802, -nan, -nan, -nan
177.902, -nan, -nan, -nan
178.002, -nan, -nan, -nan
178.102, -nan, -nan, -nan
178.202, -nan, -nan, -nan
178.302, -nan, -nan, -nan
178.402, -nan, -nan, -nan
178.502, -nan, -nan, -nan
178.602, -nan, -nan, -nan
178.702, -nan, -nan, -nan
178.802, -nan, -nan, -nan
178.902, -nan, -nan, -nan
179.002, -nan, -nan, -nan
179.102, -nan, -nan, -nan
179.202, -nan, -nan, -nan
179.302, -nan, -nan, -nan
179.402, -nan, -nan, -nan
179.502, -nan, -nan, -nan
179.602, -nan, -nan, -nan
179.702, -nan, -nan, -nan
179.802, -nan, -nan, -nan
179.902, -nan, -nan, -nan
180.002, -nan, -nan, -nan
180.102, -nan, -nan, -nan
180.202, -nan, -nan, -nan
180.302, -nan, -nan, -nan
180.402, -nan, -nan, -nan
180.502, -nan, -nan, -nan
180.602, -nan, -nan, -nan
180.702, -nan, -nan, -nan
180.802, -nan, -nan, -nan
180.902, -nan, -nan, -nan
181.002, -nan, -nan, -nan
181.102, -nan, -nan, -nan
181.202, -nan, -nan, -nan
181.302, -nan, -nan, -nan
181.402, -nan, -nan, -nan
181.502, -nan, -nan, -nan
181.602, -nan, -nan, -nan
181.702, -nan, -nan, -nan
181.802, -nan, -nan, -nan
181.902, -nan, -nan, -nan
182.002, -nan, -nan, -nan
182.102, -nan, -nan, -nan
182.202, -nan, -nan, -nan
182.302, -nan, -nan, -nan
182.402, -nan, -nan, -nan
182.502, -nan, -nan, -nan
182.602, -nan, -nan, -nan
182.702, -nan, -nan, -nan
182.802, -nan, -nan, -nan
182.902, -nan, -nan, -nan
183.002, -nan, -nan, -nan
183.102, -nan, -nan, -nan
183.202, -nan, -nan, -nan
183.302, -nan, -nan, -nan
183.402, -nan, -nan, -nan
183.502, -nan, -nan, -nan
183.602, -nan, -nan, -nan
183.702, -nan, -nan, -nan
183.802, -nan, -nan, -nan
183.902, -nan, -nan, -nan
184.002, -nan, -nan, -nan
184.102, -nan, -nan, -nan
184.202, -nan, -nan, -nan
184.302, -nan, -nan, -nan
184.402, -nan, -nan, -nan
184.502, -nan, -nan, -nan
184.602, -nan, -nan, -nan
184.702, -nan, -nan, -nan
184.802, -nan, -nan, -nan
184.902, -nan, -nan, -nan
185.002, -nan, -nan, -nan
185.102, -nan, -nan, -nan
185.202, -nan, -nan, -nan
185.302, -nan, -nan, -nan
185.402, -nan, -nan, -nan
185.502, -nan, -nan, -nan
185.602, -nan, -nan, -nan
185.702, -nan, -nan, -nan
185.802, -nan, -nan, -nan
185.902, -nan, -nan, -nan
186.002, -nan, -nan, -nan
186.102, -nan, -nan, -nan
186.202, -nan, -nan, -nan
186.302, -nan, -nan, -nan
186.402, -nan, -nan, -nan
186.502, -nan, -nan, -nan
186.602, -nan, -nan, -nan
186.702, -nan, -nan, -nan
186.802, -nan, -nan, -nan
186.902, -nan, -nan, -nan
187.002, -nan, -nan, -nan
187.102, -nan, -nan, -nan
187.202, -nan, -nan, -nan
187.302, -nan, -nan, -nan
187.402, -nan, -nan, -nan
187.502, -nan, -nan, -nan
187.602, -nan, -nan, -nan
187.702, -nan, -nan, -nan
187.802, -nan, -nan, -nan
187.902, -nan, -nan, -nan
188.002, -nan, -nan, -nan
188.102, -nan, -nan, -nan
188.202, -nan, -nan, -nan
188.302, -nan, -nan, -nan
188.402, -nan, -nan, -nan
188.502, -nan, -nan, -nan
188.602, -nan, -nan, -nan
188.702, -nan, -nan, -nan
188.802, -nan, -nan, -nan
188.902, -nan, -nan, -nan
189.002, -nan, -nan, -nan
189.102, -nan, -nan, -nan
189.202, -nan, -nan, -nan
189.302, -nan, -nan, -nan
189.402, -nan, -nan, -nan
189.502, -nan, -nan, -nan
189.602, -nan, -nan, -nan
189.702, -nan, -nan, -nan
189.802, -nan, -nan, -nan
189.902, -nan, -nan, -nan
190.002, -nan, -nan, -nan
190.102, -nan, -nan, -nan
190.202, -nan, -nan, -nan
190.302, -nan, -nan, -nan
190.402, -nan, -nan, -nan
190.502, -nan, -nan, -nan
190.602, -nan, -nan, -nan
190.702, -nan, -nan, -nan
190.802, -nan, -nan, -nan
190.902, -nan, -nan, -nan
191.002, -nan, -nan, -nan
191.102, -nan, -nan, -nan
191.202, -nan, -nan, -nan
191.302, -nan, -nan, -nan
191.402, -nan, -nan, -nan
191.502, -nan, -nan, -nan
191.602, -nan, -nan, -nan
191.702, -nan, -nan, -nan
191.803, -nan, -nan, -nan
191.903, -nan, -nan, -nan
192.003, -nan, -nan, -nan
192.103, -nan, -nan, -nan
192.203, -nan, -nan, -nan
192.303, -nan, -nan, -nan
192.403, -nan, -nan, -nan
192.503, -nan, -nan, -nan
192.603, -nan, -nan, -nan
192.703, -nan, -nan, -nan
192.803, -nan, -nan, -nan
192.903, -nan, -nan, -nan
193.003, -nan, -nan, -nan
193.103, -nan, -nan, -nan
193.203, -nan, -nan, -nan
193.303, -nan, -nan, -nan
193.403, -nan, -nan, -nan
193.503, -nan, -nan, -nan
193.603, -nan, -nan, -nan
193.703, -nan, -nan, -nan
193.803, -nan, -nan, -nan
193.903, -nan, -nan, -nan
194.003, -nan, -nan, -nan
194.103, -nan, -nan, -nan
194.203, -nan, -nan, -nan
194.303, -nan, -nan, -nan
194.403, -nan, -nan, -nan
194.503, -nan, -nan, -nan
194.603, -nan, -nan, -nan
194.703, -nan, -nan, -nan
194.803, -nan, -nan, -nan
194.903, -nan, -nan, -nan
195.003, -nan, -nan, -nan
195.103, -nan, -nan, -nan
195.203, -nan, -nan, -nan
195.303, -nan, -nan, -nan
195.403, -nan, -nan, -nan
195.503, -nan, -nan, -nan
195.603, -nan, -nan, -nan
195.703, -nan, -nan, -nan
195.803, -nan, -nan, -nan
195.903, -nan, -nan, -nan
196.003, -nan, -nan, -nan
196.103, -nan, -nan, -nan
196.203, -nan, -nan, -nan
196.303, -nan, -nan, -nan
196.403, -nan, -nan, -nan
196.503, -nan, -nan, -nan
196.603, -nan, -nan, -nan
196.703, -nan, -nan, -nan
196.803, -nan, -nan, -nan
196.903, -nan, -nan, -nan
197.003, -nan, -nan, -nan
197.103, -nan, -nan, -nan
197.203, -nan, -nan, -nan
197.303, -nan, -nan, -nan
197.403, -nan, -nan, -nan
197.503, -nan, -nan, -nan
197.603, -nan, -nan, -nan
197.703, -nan, -nan, -nan
197.803, -nan, -nan, -nan
197.903, -nan, -nan, -nan
198.003, -nan, -nan, -nan
198.103, -nan, -nan, -nan
198.203, -nan, -nan, -nan
198.303, -nan, -nan, -nan
198.403, -nan, -nan, -nan
198.503, -nan, -nan, -nan
198.603, -nan, -nan, -nan
198.703, -nan, -nan, -nan
198.803, -nan, -nan, -nan
198.903, -nan, -nan, -nan
199.003, -nan, -nan, -nan
199.103, -nan, -nan, -nan
199.203, -nan, -nan, -nan
199.303, -nan, -nan, -nan
199.403, -nan, -nan, -nan
199.503, -nan, -nan, -nan
199.603, -nan, -nan, -nan
199.703, -nan, -nan, -nan
199.803, -nan, -nan, -nan
199.903, -nan, -nan, -nan
200.003, -nan, -nan, -nan
200.103, -nan, -nan, -nan
200.203, -nan, -nan, -nan
200.303, -nan, -nan, -nan
200.403, -nan, -nan, -nan
200.503, -nan, -nan, -nan
200.603, -nan, -nan, -nan
200.703, -nan, -nan, -nan
200.803, -nan, -nan, -nan
200.903, -nan, -nan, -nan
201.003, -nan, -nan, -nan
201.103, -nan, -nan, -nan
201.203, -nan, -nan, -nan
201.303, -nan, -nan, -nan
201.403, -nan, -nan, -nan
201.503, -nan, -nan, -nan
201.603, -nan, -nan, -nan
201.703, -nan, -nan, -nan
201.803, -nan, -nan, -nan
201.903, -nan, -nan, -nan
202.003, -nan, -nan, -nan
202.103, -nan, -nan, -nan
202.203, -nan, -nan, -nan
202.303, -nan, -nan, -nan
202.403, -nan, -nan, -nan
202.503, -nan, -nan, -nan
202.603, -nan, -nan, -nan
202.703, -nan, -nan, -nan
202.803, -nan, -nan, -nan
202.903, -nan, -nan, -nan
203.003, -nan, -nan, -nan
203.103, -nan, -nan, -nan
203.203, -nan, -nan, -nan
203.303, -nan, -nan, -nan
203.403, -nan, -nan, -nan
203.503, -nan, -nan, -nan
203.603, -nan, -nan, -nan
203.703, -nan, -nan, -nan
203.803, -nan, -nan, -nan
203.903, -nan, -nan, -nan
204.003, -nan, -nan, -nan
204.103, -nan, -nan, -nan
204.203, -nan, -nan, -nan
204.303, -nan, -nan, -nan
204.403, -nan, -nan, -nan
204.503, -nan, -nan, -nan
204.603, -nan, -nan, -nan
204.703, -nan, -nan, -nan
204.803, -nan, -nan, -nan
204.903, -nan, -nan, -nan
205.003, -nan, -nan, -nan
205.103, -nan, -nan, -nan
205.203, -nan, -nan, -nan
205.303, -nan, -nan, -nan
205.403, -nan, -nan, -nan
205.503, -nan, -nan, -nan
205.603, -nan, -nan, -nan
205.703, -nan, -nan, -nan
205.803, -nan, -nan, -nan
205.903, -nan, -nan, -nan
206.003, -nan, -nan, -nan
206.103, -nan, -nan, -nan
206.203, -nan, -nan, -nan
206.303, -nan, -nan, -nan
206.403, -nan, -nan, -nan
206.503, -nan, -nan, -nan
206.603, -nan, -nan, -nan
206.703, -nan, -nan, -nan
206.803, -nan, -nan, -nan
206.903, -nan, -nan, -nan
207.003, -nan, -nan, -nan
207.103, -nan, -nan, -nan
207.203, -nan, -nan, -nan
207.303, -nan, -nan, -nan
207.403, -nan, -nan, -nan
207.503, -nan, -nan, -nan
207.603, -nan, -nan, -nan
207.703, -nan, -nan, -nan
207.803, -nan, -nan, -nan
207.903, -nan, -nan, -nan
208.003, -nan, -nan, -nan
208.104, -nan, -nan, -nan
208.204, -nan, -nan, -nan
208.304, -nan, -nan, -nan
208.404, -nan, -nan, -nan
208.504, -nan, -nan, -nan
208.604, -nan, -nan, -nan
208.704, -nan, -nan, -nan
208.804, -nan, -nan, -nan
208.904, -nan, -nan, -nan
209.004, -nan, -nan, -nan
209.104, -nan, -nan, -nan
209.204, -nan, -nan, -nan
209.304, -nan, -nan, -nan
209.404, -nan, -nan, -nan
209.504, -nan, -nan, -nan
209.604, -nan, -nan, -nan
209.704, -nan, -nan, -nan
209.804, -nan, -nan, -nan
209.904, -nan, -nan, -nan
210.004, -nan, -nan, -nan
210.104, -nan, -nan, -nan
210.204, -nan, -nan, -nan
210.304, -nan, -nan, -nan
210.404, -nan, -nan, -nan
210.504, -nan, -nan, -nan
210.604, -nan, -nan, -nan
210.704, -nan, -nan, -nan
210.804, -nan, -nan, -nan
210.904, -nan, -nan, -nan
211.004, -nan, -nan, -nan
211.104, -nan, -nan, -nan
211.204, -nan, -nan, -nan
211.304, -nan, -nan, -nan
211.404, -nan, -nan, -nan
211.504, -nan, -nan, -nan
211.604, -nan, -nan, -nan
211.704, -nan, -nan, -nan
211.804, -nan, -nan, -nan
211.904, -nan, -nan, -nan
212.004, -nan, -nan, -nan
212.104, -nan, -nan, -nan
212.204, -nan, -nan, -nan
212.304, -nan, -nan, -nan
212.404, -nan, -nan, -nan
212.504, -nan, -nan, -nan
212.604, -nan, -nan, -nan
212.704, -nan, -nan, -nan
212.804, -nan, -nan, -nan
212.904, -nan, -nan, -nan
213.004, -nan, -nan, -nan
213.104, -nan, -nan, -nan
213.204, -nan, -nan, -nan
213.304, -nan, -nan, -nan
213.404, -nan, -nan, -nan
213.504, -nan, -nan, -nan
213.604, -nan, -nan, -nan
213.704, -nan, -nan, -nan
213.804, -nan, -nan, -nan
213.904, -nan, -nan, -nan
214.004, -nan, -nan, -nan
214.104, -nan, -nan, -nan
214.204, -nan, -nan, -nan
214.304, -nan, -nan, -nan
214.404, -nan, -nan, -nan
214.504, -nan, -nan, -nan
214.604, -nan, -nan, -nan
214.704, -nan, -nan, -nan
214.804, -nan, -nan, -nan
214.904, -nan, -nan, -nan
215.004, -nan, -nan, -nan
215.104, -nan, -nan, -nan
215.204, -nan, -nan, -nan
215.304, -nan, -nan, -nan
215.404, -nan, -nan, -nan
215.504, -nan, -nan, -nan
215.604, -nan, -nan, -nan
215.704, -nan, -nan, -nan
215.804, -nan, -nan, -nan
215.904, -nan, -nan, -nan
216.004, -nan, -nan, -nan
216.104, -nan, -nan, -nan
216.204, -nan, -nan, -nan
216.304, -nan, -nan, -nan
216.404, -nan, -nan, -nan
216.504, -nan, -nan, -nan
216.604, -nan, -nan, -nan
216.704, -nan, -nan, -nan
216.804, -nan, -nan, -nan
216.904, -nan, -nan, -nan
217.004, -nan, -nan, -nan
217.104, -nan, -nan, -nan
217.204, -nan, -nan, -nan
217.304, -nan, -nan, -nan
217.404, -nan, -nan, -nan
217.504, -nan, -nan, -nan
217.604, -nan, -nan, -nan
217.704, -nan, -nan, -nan
217.804, -nan, -nan, -nan
217.904, -nan, -nan, -nan
218.004, -nan, -nan, -nan
218.104, -nan, -nan, -nan
218.204, -nan, -nan, -nan
218.304, -nan, -nan, -nan
218.404, -nan, -nan, -nan
218.504, -nan, -nan, -nan
218.604, -nan, -nan, -nan
218.704, -nan, -nan, -nan
218.804, -nan, -nan, -nan
218.904, -nan, -nan, -nan
219.004, -nan, -nan, -nan
219.104, -nan, -nan, -nan
219.204, -nan, -nan, -nan
219.304, -nan, -nan, -nan
219.404, -nan, -nan, -nan
219.504, -nan, -nan, -nan
219.604, -nan, -nan, -nan
219.704, -nan, -nan, -nan
219.804, -nan, -nan, -nan
219.904, -nan, -nan, -nan
220.004, -nan, -nan, -nan
220.104, -nan, -nan, -nan
220.204, -nan, -nan, -nan
220.304, -nan, -nan, -nan
220.404, -nan, -nan, -nan
220.504, -nan, -nan, -nan
220.604, -nan, -nan, -nan
220.704, -nan, -nan, -nan
220.804, -nan, -nan, -nan
220.904, -nan, -nan, -nan
221.004, -nan, -nan, -nan
221.104, -nan, -nan, -nan
